race,credit_score,annual_income,debt_to_income,loan_amount,employment_years,has_bankruptcy,approved
Black,638,54372,0.417,124699,0,0,0
Black,678,45667,0.179,91850,3,0,1
White,749,57991,0.09,64233,2,0,1
White,659,46028,0.12,56071,3,0,1
Black,807,68160,0.034,54329,7,0,1
Hispanic,696,43379,0.219,19339,10,0,0
White,650,50368,0.088,87208,8,0,1
Hispanic,654,15000,0.415,18094,4,0,1
Hispanic,639,46090,0.118,27642,3,0,1
White,720,29434,0.248,52940,2,0,1
Black,662,33346,0.345,63755,2,0,0
White,670,42344,0.242,62054,8,0,1
White,641,41949,0.313,32267,2,0,1
Hispanic,789,87051,0.415,78350,2,0,1
Asian,565,61960,0.149,46536,5,0,1
White,659,44569,0.172,58170,5,0,1
White,703,28054,0.077,81027,8,0,1
Black,699,15000,0.183,111995,15,1,1
Hispanic,682,49790,0.363,29100,2,0,1
White,725,150366,0.06,80504,7,0,1
Black,695,23246,0.31,86892,2,0,1
Black,668,92407,0.305,84684,3,0,1
White,617,37275,0.206,165357,5,0,1
White,700,31703,0.148,62190,0,0,1
White,614,121082,0.449,119223,3,0,1
Asian,558,76598,0.034,34475,1,0,1
Black,738,34471,0.353,43159,0,0,0
Black,664,63171,0.3,76464,7,0,0
Hispanic,650,28638,0.268,39915,0,0,0
Black,668,91020,0.434,106245,27,0,1
Asian,671,125575,0.383,72706,10,0,1
Hispanic,660,30863,0.147,141677,22,0,1
White,668,117434,0.119,35441,1,0,1
White,694,41551,0.146,40391,8,0,1
Asian,672,56152,0.223,73642,7,1,1
White,712,87064,0.127,43154,2,0,1
Hispanic,830,62656,0.207,171240,7,0,1
Hispanic,739,21643,0.164,34864,13,0,1
Black,709,41204,0.177,96389,7,0,1
Asian,686,38234,0.144,33098,9,0,1
White,703,58698,0.23,65909,2,0,0
White,728,75162,0.196,89939,11,0,1
Hispanic,707,154412,0.175,51815,23,0,1
Hispanic,751,103995,0.22,72671,3,0,1
White,745,40678,0.289,43272,12,1,0
White,668,50844,0.214,69831,4,0,1
Black,652,100182,0.217,54044,3,0,1
White,710,43629,0.233,27574,5,0,1
Hispanic,781,15000,0.365,81408,3,0,1
Black,615,37883,0.141,50659,5,1,1
Black,707,36155,0.364,59771,0,0,1
Black,677,53534,0.188,50812,1,0,1
White,671,31363,0.189,99821,7,0,1
White,666,27766,0.327,84101,5,0,1
Black,774,36051,0.461,36303,1,0,1
White,745,24758,0.188,49898,0,0,1
Black,689,122482,0.292,97705,5,0,0
White,649,74752,0.163,58685,1,0,1
White,735,16747,0.291,70723,3,0,1
White,701,45066,0.382,82575,1,0,1
White,654,97731,0.22,55298,2,0,0
Hispanic,655,73006,0.111,28594,1,0,0
Asian,696,55957,0.098,111986,5,0,1
Black,580,48233,0.256,46390,9,1,1
Black,671,31854,0.082,68774,3,1,1
Black,663,23281,0.293,83315,5,0,0
White,646,51572,0.288,71380,12,0,1
White,722,57873,0.239,106601,2,0,1
White,634,72063,0.081,67214,6,1,1
Black,694,79442,0.303,64619,23,0,1
Hispanic,656,72798,0.162,31337,1,0,0
Black,656,18271,0.157,76346,2,0,1
Black,650,20956,0.262,64474,2,0,0
White,850,86585,0.113,16844,0,1,1
Black,686,85166,0.329,75820,5,0,1
White,630,29778,0.184,137275,5,0,1
Black,583,29767,0.191,66990,2,0,1
Black,591,52397,0.202,168397,3,0,0
Hispanic,620,20303,0.446,30444,16,0,1
White,651,31880,0.155,53950,5,0,1
Hispanic,667,66234,0.461,40940,7,0,1
Black,743,40174,0.09,112077,1,1,0
Black,651,68718,0.402,27488,3,0,1
Black,702,22631,0.119,36070,29,0,1
Asian,678,80988,0.126,48103,25,0,1
White,716,163073,0.216,25835,7,0,1
White,710,32097,0.056,49579,18,0,1
White,681,74593,0.093,100486,5,0,1
White,673,23541,0.345,93852,1,0,1
Asian,798,28019,0.352,55390,2,0,1
White,686,74996,0.259,74311,0,0,1
Black,611,47756,0.172,38796,1,1,0
Black,645,33999,0.242,83591,1,0,0
White,579,53486,0.136,16836,5,1,0
White,641,21742,0.113,86445,27,0,1
Hispanic,591,47585,0.276,22309,6,0,0
White,741,109440,0.214,54490,18,0,1
Black,814,77814,0.144,42461,2,0,1
Hispanic,696,80645,0.169,23381,8,0,1
Black,634,59110,0.295,53888,5,0,0
Black,635,125753,0.199,82975,25,0,0
White,603,19407,0.107,86821,3,0,1
White,596,27278,0.139,93795,0,0,1
White,664,83194,0.074,81833,2,0,1
Asian,741,147930,0.033,50089,1,0,1
White,655,73920,0.02,86172,5,0,1
White,573,32584,0.148,63200,17,0,1
White,807,44915,0.153,64963,3,0,1
Asian,565,51206,0.309,43066,8,0,0
White,716,153586,0.213,113619,0,0,1
Hispanic,794,136639,0.363,122913,10,0,1
Asian,752,104054,0.229,116180,1,0,1
Hispanic,727,102267,0.211,65526,14,0,1
White,561,16111,0.198,32390,13,0,1
Asian,729,24383,0.244,98187,0,0,1
Hispanic,637,49213,0.341,34969,1,0,0
White,678,44609,0.102,63383,2,0,1
Hispanic,593,121077,0.239,118964,2,0,1
Hispanic,604,85375,0.194,74062,5,0,1
White,618,63198,0.095,58583,4,0,1
White,795,68421,0.139,48499,6,0,0
Hispanic,625,47925,0.212,81254,0,0,1
Hispanic,596,46917,0.136,46640,0,0,0
White,535,35457,0.281,77138,4,0,1
White,789,52406,0.225,26734,2,0,0
White,720,24363,0.359,58780,3,0,1
White,647,94081,0.057,96425,14,0,1
Black,532,41809,0.228,107512,4,0,0
White,615,50280,0.202,117138,4,0,1
Black,632,32167,0.135,38666,2,0,1
White,802,22430,0.238,57529,3,0,1
White,626,43502,0.22,49545,1,0,1
White,719,46430,0.246,50242,24,0,1
Asian,576,41799,0.078,95396,9,0,1
White,658,123309,0.152,32089,1,0,1
Black,741,44147,0.067,26015,1,0,1
Black,642,32397,0.06,25874,2,0,1
White,594,74321,0.228,127839,2,1,1
Hispanic,725,51391,0.134,46114,22,0,1
White,715,163210,0.051,69972,1,0,1
Black,697,54366,0.213,30811,0,0,0
White,747,34230,0.116,66284,5,1,1
Hispanic,651,68851,0.304,121900,3,0,1
Hispanic,702,68498,0.232,51928,7,0,1
Black,612,15000,0.175,111996,25,0,1
White,664,63170,0.236,69499,13,0,1
Asian,684,23687,0.225,65706,36,0,1
Black,549,54006,0.383,99606,6,0,0
White,643,60557,0.213,49333,4,0,0
Hispanic,722,70676,0.327,103868,0,0,1
White,584,30782,0.305,88307,0,0,1
Hispanic,637,147383,0.266,29749,3,0,0
White,686,28078,0.111,70395,1,0,0
Hispanic,850,15000,0.33,36103,6,0,1
White,738,68986,0.35,52827,17,0,1
Black,647,29574,0.059,74322,1,0,1
Asian,585,23646,0.377,87325,2,1,0
Asian,658,77493,0.38,52495,9,0,1
White,681,28067,0.084,57970,11,0,1
Asian,745,62041,0.349,52076,5,0,1
Black,648,42889,0.126,158708,7,0,1
Asian,730,26958,0.2,69126,20,0,1
Black,746,18769,0.108,55743,3,0,0
White,665,15000,0.108,114701,6,0,1
Black,726,136927,0.003,49280,0,0,1
Black,657,92210,0.197,100431,3,0,1
Black,681,58909,0.174,40566,5,0,1
Black,588,59664,0.056,71890,19,0,1
White,682,69618,0.27,43478,0,0,1
Hispanic,731,57927,0.143,30844,2,1,1
Hispanic,714,95134,0.133,48251,0,0,1
Hispanic,665,46591,0.207,58802,12,0,1
White,740,84528,0.021,43038,20,0,1
Black,644,18887,0.106,122744,5,0,1
White,666,28675,0.225,72655,2,0,1
White,598,43328,0.147,104083,0,0,1
Hispanic,720,94991,0.067,41525,2,1,1
Hispanic,654,87080,0.237,53679,1,0,1
Hispanic,694,30083,0.182,69686,9,0,1
Black,691,37207,0.31,68042,5,0,1
Asian,679,31974,0.264,96050,0,0,0
White,698,40083,0.125,45206,5,1,1
White,725,52826,0.052,68232,7,0,1
White,674,56875,0.218,42133,10,0,1
White,713,48953,0.061,90439,1,0,1
White,690,146056,0.112,96559,0,0,1
White,715,34099,0.26,44376,4,0,1
Asian,665,148493,0.047,82940,9,0,1
Hispanic,742,27289,0.046,63654,1,0,1
Asian,717,31441,0.195,33920,5,1,1
Black,629,54629,0.292,133369,5,0,0
Black,670,266851,0.287,55623,9,0,1
White,635,39594,0.218,46495,10,0,1
White,572,53892,0.099,212198,7,0,1
Black,667,15000,0.141,51942,2,0,1
Hispanic,759,55667,0.143,63097,0,0,1
White,720,38520,0.066,87107,9,0,1
Hispanic,679,72514,0.259,45560,1,0,1
White,705,111142,0.191,97963,1,0,1
Black,719,32176,0.103,35700,1,0,1
Black,753,20060,0.149,98916,28,0,1
White,730,152541,0.116,77748,13,0,1
Black,807,39317,0.235,69125,2,0,1
White,749,55581,0.045,105730,10,0,1
Hispanic,575,31543,0.17,41695,16,0,1
Black,688,42901,0.356,52851,7,0,0
White,742,27501,0.152,87036,0,0,1
White,667,56127,0.211,39997,4,0,1
White,586,44578,0.07,72972,9,0,1
White,683,100455,0.478,66495,10,0,1
Asian,643,19551,0.105,76328,3,0,1
Hispanic,546,66012,0.167,47933,0,0,1
Black,672,31523,0.226,39482,7,0,1
Black,744,39381,0.066,74461,22,0,1
White,722,34580,0.309,84934,0,0,1
Black,722,163956,0.13,35427,1,0,1
Hispanic,690,77800,0.392,72205,5,0,0
Black,616,74633,0.138,59626,5,0,1
Black,754,92777,0.264,88956,4,0,1
Hispanic,666,43818,0.157,54939,0,0,1
White,643,30553,0.294,71537,2,0,1
Black,691,44102,0.131,64816,9,0,1
Hispanic,784,31029,0.157,95241,9,0,1
White,710,41556,0.198,48429,3,0,1
Hispanic,701,69224,0.317,49862,2,0,1
Asian,625,142744,0.249,99643,27,1,0
White,797,65230,0.294,39922,16,1,0
White,734,102523,0.269,24513,0,0,1
White,778,97097,0.093,48033,0,0,1
Black,791,78084,0.188,58210,5,0,1
White,608,72559,0.178,112286,2,0,0
White,733,16121,0.138,84889,3,0,1
White,727,47178,0.168,70803,1,0,1
Black,571,34435,0.136,67265,6,0,1
White,701,139281,0.059,56023,0,0,1
Asian,652,43457,0.282,18293,10,0,0
Hispanic,560,144326,0.232,80287,12,0,1
White,727,15352,0.096,29365,3,0,1
Black,668,79725,0.191,98214,15,0,1
Asian,676,81898,0.273,33863,3,0,1
Black,725,54337,0.162,111981,21,1,1
Black,684,42615,0.009,44839,0,0,1
Hispanic,707,74074,0.286,42151,3,0,1
White,605,135237,0.229,52749,4,0,1
White,727,39703,0.197,40995,0,0,1
White,658,43980,0.148,59800,2,0,0
White,618,56991,0.184,110878,4,0,1
Hispanic,658,38088,0.307,20553,5,0,1
Asian,725,90324,0.052,41733,8,0,1
Black,592,114840,0.188,45413,6,0,1
White,721,77774,0.318,39924,2,0,1
Black,657,59324,0.039,110291,1,0,1
White,792,66057,0.064,35638,3,0,1
Black,723,15815,0.156,27794,6,0,1
White,699,28948,0.15,127655,1,0,0
White,729,17969,0.337,35181,16,0,0
Hispanic,648,97085,0.093,82909,8,0,1
White,708,23298,0.275,74029,2,0,1
Black,668,54910,0.32,46110,1,0,1
Black,646,136773,0.116,109469,1,0,1
Hispanic,695,82756,0.252,113184,0,0,1
Hispanic,672,52767,0.142,59594,5,0,1
Hispanic,761,31980,0.045,59901,11,0,1
White,698,33409,0.214,32787,1,0,1
White,700,56808,0.278,59831,5,0,1
Hispanic,669,62585,0.215,34183,0,0,1
Black,757,44572,0.104,47755,9,0,1
White,567,26553,0.56,47429,0,0,1
White,568,18347,0.485,31994,8,0,0
White,608,39639,0.195,35066,2,0,1
White,681,32379,0.411,70580,7,0,1
Hispanic,560,103337,0.096,124411,7,0,0
Hispanic,616,119092,0.23,61006,18,0,1
Hispanic,721,15000,0.468,73671,6,0,1
Black,712,53892,0.14,80763,5,0,1
Hispanic,591,230183,0.204,44130,0,0,1
White,722,116684,0.191,50557,2,0,1
Hispanic,773,38704,0.221,113744,17,0,1
White,809,89651,0.252,118308,7,0,1
White,690,54463,0.096,65397,0,0,1
Hispanic,697,57196,0.212,51729,14,0,1
White,673,143117,0.127,359197,2,0,1
Black,782,29658,0.148,54068,3,0,1
White,711,97377,0.297,58597,2,0,1
White,623,32137,0.318,77919,31,0,1
White,730,66983,0.451,69723,12,0,1
White,643,46121,0.158,62222,0,0,1
Black,715,51087,0.096,116462,3,0,1
White,603,224144,0.209,59236,0,0,1
Asian,673,31774,0.171,90836,2,0,1
White,826,133147,0.055,46957,4,0,1
Black,608,31524,0.105,119733,14,0,1
Hispanic,694,49884,0.242,51616,13,0,1
Asian,750,105240,0.155,51109,13,0,1
Hispanic,666,51163,0.332,35289,3,0,1
White,744,58191,0.295,43433,0,0,1
White,708,47630,0.045,131235,3,1,1
Hispanic,643,49240,0.217,42375,7,0,1
White,632,84080,0.249,88309,9,0,1
White,692,75679,0.275,71641,3,0,1
Black,572,32878,0.15,36238,3,0,0
White,603,77895,0.283,36591,14,0,1
White,691,62024,0.325,52811,3,1,0
Black,606,81213,0.311,110238,8,0,1
White,664,72831,0.191,51062,1,0,1
Black,606,71556,0.253,44477,7,0,1
Asian,755,36415,0.412,42233,24,1,1
White,734,31469,0.177,132066,21,0,1
Black,707,76545,0.082,162102,1,0,1
White,691,56762,0.148,49360,0,1,1
Black,647,102908,0.293,151882,0,0,1
Black,610,89324,0.009,132265,1,0,1
Hispanic,807,128984,0.099,36671,5,0,1
White,717,41859,0.366,150367,0,0,1
White,670,42495,0.348,35178,4,0,1
White,706,52168,0.017,54517,12,0,1
White,737,30271,0.198,53972,1,0,1
Black,758,77328,0.183,37695,1,0,1
Hispanic,781,186339,0.158,46035,0,0,1
Asian,724,80671,0.048,71907,10,0,1
White,630,111472,0.099,83977,1,0,1
White,684,35334,0.215,68087,0,1,0
Hispanic,710,86503,0.259,61994,12,0,1
Black,675,60429,0.263,51113,4,0,1
Hispanic,685,20533,0.165,102490,4,0,1
Black,494,46232,0.25,57804,0,0,0
Black,781,31952,0.242,33365,7,1,0
Hispanic,670,123519,0.164,27735,4,0,1
Black,783,15000,0.352,29836,3,0,0
White,737,34732,0.106,185853,8,0,1
White,704,55112,0.307,132765,14,0,1
Asian,802,28869,0.432,37463,6,0,1
White,638,109910,0.242,46188,1,0,1
White,846,99633,0.17,83277,2,0,1
Black,685,65326,0.352,32021,3,0,1
Black,568,36915,0.281,25756,1,0,1
Hispanic,637,27880,0.376,30958,0,0,1
Hispanic,687,61900,0.214,56073,3,0,1
Black,570,67534,0.399,79719,0,0,0
White,671,61099,0.145,82679,9,0,1
Hispanic,652,46328,0.213,89017,3,0,1
White,636,64856,0.178,62447,2,0,1
White,646,38933,0.259,65148,9,0,1
Asian,632,63509,0.138,78087,1,0,1
Asian,692,61437,0.245,57316,8,0,1
Black,696,44932,0.045,74158,28,0,1
Hispanic,671,28381,0.261,63486,0,0,0
Black,683,35183,0.093,41554,2,0,0
Black,698,65410,0.412,65766,7,0,1
White,714,67618,0.108,107986,4,0,1
White,693,87565,0.228,95274,5,0,1
White,792,46252,0.173,29810,1,0,1
White,783,31426,0.051,42960,14,0,1
Black,617,23669,0.374,80904,1,0,0
White,616,53212,0.213,72449,0,1,1
Hispanic,617,202644,0.19,26840,1,0,1
White,726,31555,0.206,92757,9,1,1
White,643,58458,0.049,75449,8,0,1
Black,751,31140,0.208,62967,2,0,1
White,624,104008,0.294,118625,2,1,0
Hispanic,593,47158,0.126,63399,4,0,0
White,575,161263,0.254,79099,5,0,1
Hispanic,579,58190,0.398,31341,2,1,0
White,654,42908,0.515,21505,11,0,0
Asian,803,44917,0.042,39926,1,0,1
Asian,723,15088,0.109,33418,0,0,1
Asian,687,47127,0.349,71362,12,0,1
White,637,81947,0.166,89038,15,0,0
Asian,659,37564,0.117,92100,1,0,1
Black,632,53866,0.138,70086,14,0,1
Black,655,30684,0.155,44506,4,0,1
White,691,47403,0.232,147211,17,0,1
Asian,718,34117,0.259,58082,4,0,0
White,658,90444,0.215,69961,4,0,1
Hispanic,719,28066,0.226,137663,1,0,1
White,675,44802,0.152,156379,1,0,1
Black,656,342634,0.016,101512,3,0,1
Black,706,60571,0.182,50218,0,0,1
Hispanic,649,48289,0.018,75808,13,0,1
White,685,33487,0.263,32011,11,0,1
Hispanic,678,42229,0.265,22529,3,0,1
White,742,44845,0.052,162812,1,1,1
Hispanic,675,114739,0.117,95078,0,0,0
Asian,701,107758,0.055,61301,7,0,0
Hispanic,618,129488,0.145,106607,9,0,1
White,666,21386,0.147,31410,5,0,1
White,758,43776,0.461,36337,0,0,1
Black,761,17663,0.115,62693,2,0,1
White,721,292784,0.24,34553,1,0,1
Hispanic,647,64845,0.283,109988,3,0,0
White,631,28450,0.061,77664,5,0,1
Black,630,35580,0.267,80212,2,0,1
Black,646,96994,0.14,67029,4,0,0
White,702,15000,0.16,48895,2,0,1
Black,636,24566,0.101,29118,1,0,1
Hispanic,618,29844,0.094,50541,9,0,1
Hispanic,608,15000,0.465,78535,0,0,1
Black,636,79012,0.24,73279,5,0,1
Black,555,28321,0.113,75868,0,0,0
Black,589,39774,0.205,115461,6,0,1
White,621,82357,0.216,94018,1,0,1
White,659,57145,0.387,67989,8,0,0
White,777,97134,0.195,54244,1,0,1
White,726,170563,0.164,48018,3,0,1
Black,692,58347,0.28,31133,2,0,1
White,584,51264,0.253,75916,3,0,1
Black,648,112352,0.023,100075,15,0,1
Black,718,15000,0.351,251226,6,0,0
White,756,32293,0.187,34040,2,0,1
Black,540,52653,0.372,66735,9,0,0
Hispanic,761,16350,0.378,59334,2,0,1
Hispanic,669,66110,0.168,33400,0,0,1
White,734,101382,0.164,19985,0,1,1
White,645,37187,0.404,49551,5,0,1
Black,676,22618,0.197,227478,9,0,1
White,607,43533,0.135,99209,0,0,0
White,685,47390,0.161,106113,7,0,0
Hispanic,772,22452,0.062,66258,0,0,1
Asian,758,15000,0.148,36257,10,0,1
White,729,24169,0.235,71234,1,0,1
White,631,15000,0.114,33170,5,0,1
White,665,33960,0.225,62403,0,0,1
Black,644,65542,0.373,112618,1,0,1
Hispanic,700,94127,0.207,101760,2,0,1
White,739,133646,0.174,88947,2,0,1
White,608,33543,0.103,64185,14,0,1
White,647,22535,0.136,22330,10,0,1
White,735,48722,0.138,127180,7,1,1
Asian,746,15000,0.265,108626,2,0,1
White,607,29077,0.172,110425,7,0,1
White,675,74729,0.31,36808,19,0,1
White,754,21969,0.055,128919,0,0,1
Black,753,25531,0.36,30093,8,0,1
Hispanic,657,33085,0.181,20767,0,0,1
Hispanic,744,36838,0.294,40465,40,0,1
Asian,702,237303,0.374,74244,2,1,1
White,622,34388,0.294,42710,2,0,1
Black,781,55218,0.221,97808,5,0,1
Hispanic,655,51849,0.436,79589,19,0,1
Hispanic,672,39230,0.346,40780,2,0,0
White,585,38404,0.27,59017,1,0,1
Black,650,77684,0.081,68510,9,0,1
Hispanic,637,68279,0.109,61131,1,0,0
White,573,41857,0.426,23684,9,0,0
Black,706,112843,0.472,64559,16,0,0
White,637,59679,0.163,42827,9,0,1
White,735,36142,0.123,60297,3,0,1
Asian,662,73856,0.353,19056,6,0,1
White,747,83296,0.452,47015,17,0,1
Asian,683,28027,0.186,103107,2,0,1
Black,668,51003,0.099,105914,3,0,1
Black,667,46160,0.214,41401,15,0,1
Asian,629,231402,0.143,40947,10,0,1
White,650,77474,0.476,67155,0,0,0
White,729,38796,0.292,34954,1,0,1
White,728,63091,0.212,36600,3,0,1
Hispanic,672,168118,0.074,65943,3,1,1
Hispanic,674,23902,0.246,28969,7,0,1
Hispanic,597,82731,0.171,157707,3,0,1
Hispanic,650,91258,0.146,44051,6,0,1
Hispanic,648,39157,0.196,57490,10,0,1
White,600,94874,0.224,101534,12,0,1
White,751,40551,0.316,50516,3,0,1
White,667,62295,0.102,98922,0,0,1
Black,672,80785,0.194,44414,12,0,1
Black,726,38973,0.413,68707,2,0,1
White,624,46264,0.211,57416,0,0,1
Asian,720,85224,0.178,76128,1,0,1
Black,544,39054,0.268,60974,6,0,0
White,645,18430,0.425,41894,17,0,1
Asian,559,22890,0.151,39602,9,0,1
White,754,119835,0.163,57769,4,0,1
White,724,51073,0.311,104608,14,0,1
Asian,641,81504,0.172,302294,2,0,1
White,680,39090,0.406,38833,0,0,0
Black,628,15000,0.103,33917,25,0,1
White,704,34177,0.02,33315,0,0,1
Black,726,23765,0.221,44382,11,0,1
White,643,50054,0.005,64451,0,1,1
White,703,89828,0.167,100721,0,0,1
White,628,46386,0.275,82332,4,0,1
White,660,19361,0.227,81484,0,0,1
White,693,37053,0.18,105694,1,0,1
Asian,725,55093,0.17,44142,7,0,1
Hispanic,640,50479,0.091,40934,0,0,1
Asian,673,36116,0.153,59908,14,0,1
White,707,42779,0.239,93084,7,0,0
White,726,90313,0.221,29134,0,0,1
White,764,59521,0.147,43939,1,0,1
White,670,24111,0.092,92929,3,0,1
Hispanic,795,22600,0.427,23232,2,0,1
White,632,67124,0.035,19403,3,0,1
White,731,80999,0.184,64465,5,0,1
Black,776,104230,0.054,55621,0,0,1
Asian,791,60450,0.269,52655,5,0,1
White,673,64364,0.256,49546,7,0,1
Hispanic,617,58911,0.262,59890,15,1,0
White,588,41293,0.246,26716,5,0,1
Black,654,23894,0.267,61802,1,0,1
White,570,81174,0.184,43654,2,0,1
Black,633,37277,0.443,28825,8,0,0
White,571,98280,0.252,61502,10,0,0
Black,700,39659,0.363,51624,5,0,1
Hispanic,747,26077,0.298,76505,6,0,1
Asian,670,62341,0.41,70017,6,0,1
Black,767,45727,0.26,42907,10,0,1
White,659,25469,0.243,57169,2,0,1
White,718,16715,0.211,67829,13,0,1
White,623,64206,0.154,46760,12,0,1
Hispanic,694,35242,0.214,82602,1,0,1
Hispanic,729,61175,0.288,46920,0,0,1
Black,701,58125,0.211,70184,14,0,1
Black,743,70994,0.192,86779,3,0,1
White,690,45247,0.182,156903,0,0,1
White,686,57955,0.054,88173,3,0,1
Black,691,31504,0.072,37260,29,0,1
Black,753,117116,0.175,99771,2,0,1
White,704,38282,0.116,50547,0,1,1
Black,708,102963,0.535,22693,2,0,1
White,693,55342,0.327,57343,5,0,1
Black,751,78884,0.257,100060,1,0,1
Black,539,130193,0.318,134644,1,0,1
Black,642,32720,0.145,96994,4,0,1
Black,683,89618,0.018,30330,0,0,1
Black,688,37847,0.179,66517,3,0,0
Hispanic,591,64342,0.082,66230,2,0,0
White,774,43863,0.282,48495,29,0,1
White,691,59151,0.155,66856,3,0,1
White,647,24401,0.14,51938,1,0,1
Black,765,73269,0.248,123468,5,0,0
Asian,738,30087,0.118,60343,15,0,1
White,591,65198,0.148,37261,4,1,1
Asian,548,52651,0.198,39569,4,0,1
White,627,43989,0.132,75075,8,0,1
Black,732,87154,0.132,99565,11,0,1
Black,730,105553,0.164,62787,34,0,1
White,701,128725,0.101,72417,18,1,1
White,730,15000,0.021,50128,4,0,1
Black,668,102042,0.414,83391,3,0,0
Hispanic,752,55616,0.158,107151,2,0,1
White,732,49052,0.005,87782,6,0,1
White,625,164126,0.127,45052,0,0,0
White,676,132788,0.135,55089,14,0,1
White,685,138843,0.157,77630,3,0,1
White,732,39339,0.109,41006,1,0,1
White,623,90418,0.058,38330,18,0,1
Hispanic,676,15810,0.167,87723,11,0,0
White,715,29746,0.103,67714,5,0,1
Black,650,40252,0.157,75571,0,0,0
Black,736,44955,0.197,72441,5,0,1
White,727,28327,0.36,73555,12,0,1
White,645,136855,0.353,32852,1,0,1
White,678,50257,0.11,112208,1,0,1
White,692,26587,0.259,36382,7,0,1
White,678,24912,0.196,30764,0,0,1
Asian,615,57397,0.123,128229,1,0,1
White,633,42402,0.203,41117,0,0,1
White,786,70064,0.147,31818,12,1,1
White,654,36864,0.201,18433,1,0,1
Hispanic,712,72792,0.128,30924,1,0,1
Hispanic,649,103754,0.322,49472,1,0,1
Hispanic,562,32091,0.161,40310,11,0,1
White,804,81199,0.171,50483,2,0,1
Black,629,60847,0.177,42051,3,0,1
Black,685,64899,0.306,86562,3,0,1
Hispanic,627,24349,0.277,47506,4,0,0
Hispanic,654,99388,0.083,27161,2,0,1
White,673,106185,0.451,57233,10,0,1
Black,651,19616,0.172,15608,2,0,0
White,707,78893,0.156,35723,4,0,1
Black,782,500000,0.183,66664,2,0,1
Black,659,50330,0.255,59700,13,0,1
Black,754,106147,0.384,57145,2,0,1
Asian,641,55631,0.056,134590,8,1,1
Black,704,19731,0.085,82721,3,1,0
Hispanic,644,98759,0.111,62813,1,0,0
White,677,84618,0.248,51411,40,0,1
Hispanic,676,47104,0.417,99513,7,0,0
White,757,43246,0.136,59781,4,0,1
Asian,721,16270,0.07,139143,2,0,1
White,708,132481,0.379,84330,8,0,1
Hispanic,662,182896,0.065,77163,2,0,1
White,733,39473,0.104,56259,21,0,1
White,734,63837,0.299,143410,0,0,1
White,691,15000,0.278,69977,4,0,1
White,647,38991,0.075,43362,2,0,1
White,695,68227,0.024,63690,21,0,1
White,596,33981,0.103,166161,3,0,1
Black,744,34347,0.368,67096,8,0,0
White,562,33301,0.276,75674,9,0,1
Hispanic,751,52625,0.25,18201,3,1,1
Hispanic,626,180336,0.026,85596,3,0,1
Hispanic,640,90265,0.11,134069,3,0,1
Black,653,38085,0.183,63709,5,0,0
Asian,721,69292,0.267,37727,3,0,1
White,649,145625,0.181,29142,3,1,1
White,733,41902,0.415,31641,10,0,1
White,746,42073,0.204,25406,5,0,0
Hispanic,739,87961,0.048,97269,2,0,1
White,621,49916,0.168,71792,6,0,1
Black,758,70510,0.142,62055,1,0,0
Black,646,51400,0.145,53626,5,0,1
Black,809,44200,0.112,70137,3,0,0
Hispanic,654,306038,0.464,32119,8,0,1
White,545,29576,0.373,82160,4,0,1
Black,742,39694,0.344,43214,0,0,0
Hispanic,666,71478,0.138,117389,3,0,0
Asian,614,83030,0.095,53467,8,1,1
White,618,47420,0.256,56029,10,0,1
White,781,41610,0.242,51471,2,0,1
Asian,668,50484,0.2,71330,8,0,1
Black,658,40896,0.333,38526,1,0,1
Asian,691,68705,0.133,79534,5,0,0
Asian,708,23269,0.32,58829,4,0,0
White,608,40820,0.246,41883,4,0,1
White,695,65166,0.207,80350,3,0,1
White,634,72328,0.156,152345,4,0,1
Black,678,48252,0.226,78094,1,0,1
Black,685,78875,0.093,30549,11,0,1
White,850,15000,0.308,56768,9,0,1
Asian,756,48662,0.141,65591,0,0,1
White,850,31126,0.25,38866,1,0,1
White,663,71226,0.088,26982,0,1,1
Black,740,66871,0.061,85756,0,0,1
Hispanic,694,140144,0.221,53725,13,0,1
Asian,772,29554,0.243,54787,0,0,1
Black,557,16734,0.284,126732,4,0,1
Asian,598,113948,0.136,64320,16,0,1
Hispanic,576,50176,0.204,82578,6,0,1
White,733,39740,0.025,64484,1,0,1
Asian,629,78637,0.2,34683,1,1,1
White,699,15755,0.16,34895,0,0,0
White,700,34149,0.285,71274,2,0,1
Hispanic,663,50638,0.468,32200,2,0,0
Black,736,47533,0.073,61376,3,0,1
Hispanic,667,53450,0.224,62925,0,0,1
White,741,77424,0.102,76255,2,0,1
Black,640,51005,0.144,267440,2,0,0
White,708,31305,0.074,48763,8,0,1
White,719,32548,0.57,34634,3,0,1
White,586,63158,0.21,67845,0,0,0
Asian,689,110391,0.275,45980,2,0,1
Hispanic,660,44037,0.159,76934,6,0,1
Black,633,147188,0.161,30159,7,0,0
White,828,38540,0.296,87876,8,0,1
Black,733,38464,0.337,42635,2,0,1
Black,747,49995,0.028,90959,10,0,1
White,792,195985,0.203,66628,2,1,1
Hispanic,722,33457,0.086,167808,0,0,0
Hispanic,647,29220,0.126,52292,1,0,1
White,768,93033,0.033,85923,2,0,1
Black,621,70661,0.125,57678,1,0,1
White,607,26998,0.043,100948,7,0,0
Black,701,64660,0.218,85299,17,1,1
Black,721,87200,0.051,11697,0,0,1
Asian,638,50483,0.069,214552,0,0,1
Hispanic,654,68890,0.297,42142,2,0,1
White,636,57138,0.227,114545,0,0,0
White,708,43710,0.228,87199,1,0,0
Black,678,32901,0.02,105640,0,0,1
Black,654,60259,0.169,149778,1,0,1
White,674,52985,0.104,82145,20,0,1
Hispanic,744,32763,0.192,107558,6,0,1
Hispanic,674,68156,0.293,43110,8,0,1
Hispanic,671,36654,0.418,107601,9,0,0
Black,659,57625,0.359,79535,2,0,1
White,773,151879,0.178,63735,9,0,1
Hispanic,713,27521,0.168,28368,2,0,1
White,752,43472,0.165,168616,10,0,1
White,699,59434,0.161,25223,8,0,1
White,586,39303,0.222,37039,5,0,0
Hispanic,655,74862,0.291,57295,2,0,0
Asian,690,31635,0.336,50787,10,0,1
White,754,18043,0.095,67124,4,0,1
Black,536,25442,0.074,63168,0,0,0
Hispanic,721,36232,0.262,58720,3,0,1
Black,749,113399,0.216,56029,7,0,1
Black,619,65997,0.144,29283,0,0,1
Black,590,17328,0.316,119982,1,0,0
Black,850,23562,0.123,67888,16,0,0
White,678,51658,0.174,123877,2,0,1
Black,637,81307,0.486,86547,2,0,1
White,688,27349,0.051,53175,12,0,1
Hispanic,739,60118,0.082,136642,3,0,1
White,635,34220,0.181,100306,14,0,1
White,762,49528,0.137,53414,6,0,0
White,580,46049,0.494,80639,6,0,1
Hispanic,672,132511,0.078,85237,23,0,1
White,682,31633,0.075,46518,0,0,1
Black,768,36759,0.219,60733,5,0,1
White,671,106267,0.437,59470,0,0,1
White,673,40458,0.054,53753,1,0,1
Black,660,83780,0.253,65963,12,0,1
Black,534,24396,0.149,65977,17,0,1
White,649,25418,0.158,38084,15,0,1
White,814,62736,0.035,95557,11,0,1
White,670,49902,0.414,36845,3,0,0
White,726,22051,0.378,105520,12,0,1
Black,660,48709,0.409,95267,1,0,1
White,694,113855,0.091,54974,1,0,1
Hispanic,663,76536,0.188,70504,2,0,1
Hispanic,630,84136,0.189,42984,6,0,1
Hispanic,705,31288,0.28,66942,1,0,1
White,633,60628,0.149,75179,17,1,1
White,739,74916,0.489,48638,7,0,1
Black,720,31791,0.182,57197,5,0,0
Black,632,65298,0.215,66583,0,0,1
White,634,24072,0.162,26875,8,0,1
Black,753,57750,0.177,49872,0,0,1
White,744,38273,0.048,72243,2,0,1
White,657,160689,0.151,65765,10,1,1
White,669,37909,0.404,45457,0,0,0
White,661,49306,0.089,57262,3,0,1
White,762,28762,0.221,84078,0,0,1
White,728,111847,0.097,48016,8,0,1
Black,709,21599,0.162,45361,5,0,1
White,625,35958,0.1,60787,2,0,1
White,616,16637,0.297,66787,8,0,1
White,736,22594,0.284,33513,12,1,1
White,780,74439,0.049,101749,22,0,1
Asian,516,65473,0.388,115339,2,0,0
Black,583,81740,0.161,126084,2,0,1
Black,718,80053,0.059,61136,0,0,0
Black,665,61785,0.067,61633,0,1,1
White,623,53394,0.187,78436,3,0,0
Hispanic,720,15000,0.211,95939,5,0,1
Hispanic,600,48997,0.21,35805,15,0,1
White,734,31104,0.124,115082,6,0,1
Hispanic,653,68298,0.098,52808,9,0,1
Black,779,72100,0.351,63690,1,0,1
Black,667,38591,0.519,129404,4,0,1
Asian,738,30343,0.188,36113,3,1,1
White,652,92874,0.248,57200,2,0,1
Hispanic,621,47008,0.159,54591,3,0,1
White,644,31479,0.225,78012,7,0,1
White,683,87020,0.367,82868,14,0,1
White,587,65189,0.449,55232,0,0,0
White,746,109132,0.235,40538,24,0,1
White,678,36608,0.168,35732,2,0,1
Black,539,62928,0.246,47741,7,0,0
White,590,65922,0.3,273771,4,0,1
Black,611,73830,0.146,75795,6,0,1
White,613,15000,0.126,55385,0,0,1
Black,691,24158,0.124,74501,2,0,1
White,668,88743,0.072,108846,16,0,1
Black,703,117543,0.011,66290,1,0,1
White,636,48019,0.055,59380,9,0,1
Asian,737,48930,0.367,20482,3,0,1
Hispanic,637,112723,0.224,29230,5,0,1
White,630,48065,0.144,43992,10,0,1
Black,707,64757,0.038,64872,1,0,1
Hispanic,619,26224,0.24,22818,1,1,0
Hispanic,735,27950,0.145,62514,7,0,1
Black,770,30574,0.31,20832,0,0,1
White,737,73659,0.114,47413,10,0,0
Asian,628,64414,0.202,260600,1,0,1
Hispanic,649,156912,0.401,279550,12,1,0
White,714,44831,0.156,102549,1,0,1
White,667,31889,0.065,88918,11,0,1
Hispanic,762,61600,0.085,26976,0,0,1
White,763,95656,0.1,35992,7,0,1
Asian,747,15000,0.079,45822,16,0,1
Hispanic,776,118131,0.059,75411,13,0,1
White,630,32034,0.185,78975,6,1,1
Black,642,37252,0.037,102990,0,0,0
White,714,44429,0.225,61408,0,0,1
Asian,788,37781,0.043,41115,2,1,1
Hispanic,625,34423,0.101,35063,6,1,0
Black,666,27325,0.292,136665,1,0,1
White,709,99069,0.056,35333,0,0,0
White,674,54018,0.204,43741,4,0,1
White,548,58092,0.201,79733,0,0,1
Hispanic,646,50872,0.241,61469,6,1,1
White,652,24774,0.177,97478,15,0,1
Black,657,105735,0.052,201330,0,0,1
Black,619,51809,0.029,59486,2,0,1
White,665,46323,0.171,46157,25,0,1
White,551,28304,0.217,70173,6,0,0
Black,624,64192,0.189,51052,8,0,1
Hispanic,646,65688,0.224,40383,3,0,1
White,676,17595,0.311,65102,0,0,1
White,725,100022,0.107,98258,0,0,1
Hispanic,643,79583,0.261,69402,15,1,1
Black,710,96763,0.31,69414,3,0,0
White,661,60146,0.108,49179,0,0,1
Asian,598,25716,0.247,69921,1,0,1
Hispanic,688,52342,0.179,66133,7,0,0
White,705,71939,0.017,80069,21,0,1
White,766,52843,0.119,35705,3,0,1
Black,675,63919,0.17,52628,7,0,1
White,698,46304,0.22,58722,5,0,1
Black,747,45701,0.154,41055,8,0,1
White,690,120671,0.383,64320,10,1,1
White,585,176665,0.281,66668,3,0,1
Hispanic,640,35623,0.168,88381,5,0,1
Asian,723,27377,0.352,131045,4,0,1
White,674,240549,0.098,108926,3,0,1
White,708,54449,0.091,59955,16,0,1
White,747,38590,0.104,49658,0,0,1
Hispanic,695,17686,0.399,74193,1,0,0
